Company,Title,Location,URL,Description
Indeed,Staff Software Engineer - SMB,São Paulo,https://www.glassdoor.com.br/partner/jobListing.htm?pos=101&ao=1110586&s=58&guid=00000180f3687be8b6f4534955b061fc&src=GD_JOB_AD&t=SR&vt=w&uido=2E50B53C87A2AF5ED1BE321290C7D09E&cs=1_5fea7b2e&cb=1653351152884&jobListingId=1007784141913&cpc=4B86475FAF393599&jrtk=3-0-1g3pmgv0ppklr801-1g3pmgv1kr0f9800-3b3b2245f362b052--6NYlbfkN0CiRNM7CVr8YueLFKlzwbFWI0o7IjV438l4sVrvKZ0flpURU_mqoI8E-VxPfg2eTCE4FE64h3zBbO_THOy1wOW1TxxRZVVwjfKs_uAfAyY1vRbXjPyXSl4--UYPh5SdShTTx5shsJ2v22z1mZn-WmgBOZr8UW83157T_uFc6efj7nm99Ps9HYlf7ZYQgxoGBClQ0zXHkXPazJ8SIhjYG84th8dRtGd6LCH9yHJoxs3LuRI4aKPavD_W_JBheXqMb3vsio3_ExD6i7mjG2UFtqqi1EhkUdGJyMhtOz1g24wE0fzXfwj9NpuaXLj9CPRJCf9rPjkQBFXK5S7jHmAHt9dr7mft-KqzeuNwSXIXYIZLXoLiOiHHrDWK7ov24yV1eEI4jkGIdsvhnzt6W80akpm3FB0rZuEjyDkwVp1iQFxL96IBveSzicLqTfQvx5mn-cvMqHDQPT-poomeyeDfgkv6KfAUfR4TQ3b6G5YwGmpqvkAyYqmOtBCPw9iLsvi6YVexoyj4Z7NsLQgjctIuswB1wZ8xv88_pi4%3D,"Your Job
Contratando esta função remotamente em qualquer cidade do país do Brasil.
Se você tem formação na área da engenharia e adora criar produtos inovadores que alcançam dezenas de milhões de visualizações de página por dia, o Indeed encontrou a pessoa certa. O Indeed oferece a desenvolvedores inteligentes como você um ecossistema de desenvolvimento complexo, com ciclos de lançamento curtos. Lançamos semanalmente diversos produtos que atendem às necessidades crescentes de milhões de empresas e candidatos em todo o mundo.
Responsabilidades:
Você atuará como engenheiro(a) de software da equipe de crescimento de SMB para criar programas que orientam as empresas a anunciar vagas de alta qualidade e a obter um bom desempenho nos resultados de pesquisa do Indeed.
Criará interfaces do usuário e APIs para oferecer instruções úteis às empresas e destacar problemas que podem resultar no não preenchimento de vagas.
Fará parte de uma equipe colaborativa de engenheiros, designers de UX e gerentes de produto muito talentosos. Investigamos constantemente os dados disponíveis no Indeed para analisar, informar e desenvolver soluções para problemas específicos. Se analisar, dividir e organizar os dados de várias maneiras para obter informações interessantes é uma das suas habilidades, esta vaga foi feita para você.
Hiring this role remotely in any city in the country of Brazil.
If you are an engineer who's passionate about building innovative products that scale to tens of millions of page views a day, Indeed is looking for you. Indeed offers smart developers like you a complex development ecosystem with short release cycles. Every week sees the new release of multiple products that meet the growing needs of millions of employers and jobseekers worldwide.
Responsibilities:
As a Staff Software Engineer in the SMB Growth team, you will build software that guides employers to post high-quality jobs which achieve good performance in Indeed’s search results.
You will build UIs and APIs to offer helpful guidance to employers and highlight problems with jobs that could prevent them from being filled.
You will join a collaborative team of extremely talented Engineers, UX designers, and Product Managers. We constantly dig into the data available at Indeed to analyze, inform and develop solutions to the right problems. If looking at data, slicing and dicing it in multiple ways and coming up with interesting insights is something you thrive upon, you will fit right in.
Who You Are
Graduação em Ciência da Computação, Matemática, Engenharia Elétrica, Engenharia da Computação ou área equivalente
Necessário proficiência em comunicação verbal e escrita em inglês
Mais de cinco anos de experiência em programação com pelo menos uma das seguintes linguagens: Java, JavaScript ou Python
Mais de três anos de experiência criando aplicativos de pilha completa com React e Redux
Desejável experiência em GraphQL
Mais de três anos de experiência em mentoria de engenheiros juniores
Experiência significativa com sistemas de grande escala e alto desempenho
Bachelor’s degree in Computer Science, Mathematics, Electrical Engineering, Computer Engineering or equivalent field required
Proficient verbal and written communication in English required
5+ years experience programming with at least one of the following languages: Java, JavaScript, Python
3+ years of experience building full-stack applications with React and Redux
GraphQL experience is preferred
3+ years of experience mentoring more Junior Engineers
Significant experience with large scale, high-performance systems
Who we are
Somos uma organização de engenharia altamente capacitada, de rápido avanço na construção do site de empregos mais popular do planeta. Com escritórios em Seattle, São Francisco, Austin, Tóquio, Singapura, Hyderabad, Dublin, Aberdeen e Vancouver, melhoramos a vida das pessoas em todo o mundo ao facilitar a busca de emprego.
We are a rapidly growing and highly-capable Engineering organization building the most popular job site on the planet. With engineering hubs in Seattle, San Francisco, Austin, Tokyo, Singapore, Hyderabad, Dublin, Aberdeen and Vancouver, we are improving people's lives all around the world, one job search at a time.
Our Mission
As the world’s number 1 job site*, our mission is to help people get jobs. We strive to cultivate an inclusive and accessible workplace where all people feel comfortable being themselves. We're looking to grow our teams with more people who share our enthusiasm for innovation and creating the best experience for job seekers.
(*comScore Total Visits, September 2021)
Salary Range Disclaimer
The base salary range represents the low and high end of the Indeed salary range for this position. Actual salaries will vary depending on factors including but not limited to location, experience, and performance. The range listed is just one component of Indeed's total compensation package for employees. Other rewards may include quarterly bonuses, Restricted Stock Units (RSUs), an open Paid Time Off policy, and many region-specific benefits.
A faixa de salário-base representa os valores mais baixos e mais altos da faixa salarial do Indeed para esse cargo. Os salários reais variam de acordo com fatores como localização, experiência, desempenho etc. A faixa apresentada é apenas um dos componentes do pacote completo de remuneração do Indeed para funcionários. Outros benefícios podem incluir bônus trimestrais, Restricted Stock Units (RSUs), uma política de folgas remuneradas e várias vantagens específicas de cada região.
Salary Range Transparency
Sao Paulo 246,000 - 368,000 BRL per year
Equal Opportunities and Accommodations Statement
O Indeed tem o grande compromisso de criar um local de trabalho e uma comunidade global nos quais a inclusão não só seja valorizada, mas também priorizada. Temos o orgulho de ser uma empresa que oferece oportunidades iguais e busca criar um ambiente acolhedor e diversificado. Avaliaremos a candidatura de todas as pessoas qualificadas sem discriminação de raça, cor, religião, gênero, identidade ou expressão de gênero, quantidade de filhos, estado civil, orientação sexual, nacionalidade, fatores genéticos, neurodiversidade, deficiência, idade, histórico militar, nem por outro motivo que escape ao mérito dos candidatos ou que não seja respaldado pela legislação.
O Indeed tem o compromisso de fornecer adaptações de acessibilidade adequadas para candidatos qualificados com deficiências no processo de inscrição para uma vaga. Para solicitar uma adaptação de acessibilidade, fale com a Central de Ajuda da Atração de Talentos (TA) pelo telefone +55 800 883 6364 ou pelo e-mail TAhelp@indeed.com pelo menos uma semana antes da entrevista.
Our Policies and Benefits
View Indeed's Applicant Privacy and Accessibility Policies - https://www.indeed.com/legal/indeed-jobs
Learn about our global employee perks, programs and benefits - https://benefits.indeed.jobs/
Leia as Políticas de Privacidade e Acessibilidade para Candidatos do Indeed – https://www.indeed.com/legal/indeed-jobs
Conheça nossos programas e benefícios globais para funcionários – https://benefits.indeed.jobs/
Reference ID: 36075"
Stefanini,Desenvolvedor Python Sr (P10211),São Paulo,https://www.glassdoor.com.br/partner/jobListing.htm?pos=102&ao=1110586&s=58&guid=00000180f3687be8b6f4534955b061fc&src=GD_JOB_AD&t=SR&vt=w&uido=2E50B53C87A2AF5ED1BE321290C7D09E&cs=1_3462c4c1&cb=1653351152884&jobListingId=1007752454490&cpc=B076152010A3B66C&jrtk=3-0-1g3pmgv0ppklr801-1g3pmgv1kr0f9800-69fe09b8e1f6a9f4--6NYlbfkN0BHzEfP8_JanJDOPoRLoveMwBdQTX56t42KRVvrxe8yri0Hq3fCdsANT8JXkICuL7HNNtDALs5KMljFX4UQ3W64yau6KDTc1miS_tYfFcLMGIuLMA2CrgEyybC8KsOeu3SiAV4t1p70hEp-2EV8r0y2KG8xHaJhtKJm32ysRQdweHRFtN47-q9vMdqUSdKImU5xqAcwxcbZ_UT3EpZ_9IHAhNefuNgyV2rVdbtZ0boiUB33oWXsURjOEvTJYJ-capFA7qW-FiqC2rhqrAhxIjIKGnRVnp1MbL5IoMHu5EKHwYrRTkLIZ1rtqyRtASU6DNO3aSLr91VWGEv2bekFMj9jLqwfdn0eXEB_ZqwMHROsPtnnSAXGPJ69Z5NN8n5mzVwlGATHoPLc0j1oisCQ0_BWjzV48SPau65qgcELhj5bUmCgLCJQfkcD9SBO5U08vdsTK1SQ7i8g2Vb-BdBNQh85bMsceXswKFLlnwvW9QuIWQv92LrbHZ9VolmaIafBxLovrLQyumWX5mnsOyItREfggo8UuE5_NV8-5gkF5fCmalj3TuFU-osfJiz9eLawyT-N1-FSBgNjc44XTq2ZO7lZzImP4zDfUy8MFvaZzwrN4qN123bGEa6z5AMxCcbBZe1FGLIMuO7-oQ%3D%3D,"Já pensou em trabalhar na multinacional brasileira mais internacionalizada que está entre as 100 maiores empresas de TI do mundo, presente em 41 países e com mais de 26.000 funcionários?
Então #VemSerStefanini!!!
Conhecimentos necessários:
Bacharel em Ciência da Computação ou áreas relacionadas;
Proficiência em Python;
Experiência com versionamento de código, GitHub ou outras ferramentas/tecnologiasrelacionadas;
Experiência com tecnologias de banco de dados, estruturas de dados, bancos de dados relacionais e não relacionais;
Experiência na implantação de modelos analíticos em um ambiente de nuvem para resolver problemas de negócios (Azure: Storage, Databricks, Data Factory);
Boas habilidades de comunicação para poder interagir com pessoas de outros países (requer inglês);
Experiência com framework Ágil (DevOps: Boards, Repos, Pipelines);
Capacidade de colaborar em um ambiente de equipe, orientando os membros da equipe júnior em áreas específicas de especialização;
Desejável:
Experiência e/ou curso com bibliotecas Python comuns usadas por cientistas de dados (por exemplo, cognitive services, SciPy, scikit-learn, matplotlib, Seaborn, etc.);
Conhecimento de tecnologias de big data (por exemplo, spark, Hadoop, etc.);
Conhecimento de Rest API;
Garantia de qualidade e ferramenta de teste;"
Cargill,GIS Specialist,São Paulo,https://www.glassdoor.com.br/partner/jobListing.htm?pos=103&ao=1110586&s=58&guid=00000180f3687be8b6f4534955b061fc&src=GD_JOB_AD&t=SR&vt=w&uido=2E50B53C87A2AF5ED1BE321290C7D09E&cs=1_feca287a&cb=1653351152885&jobListingId=1007779037114&cpc=F41FEAB56D215062&jrtk=3-0-1g3pmgv0ppklr801-1g3pmgv1kr0f9800-c22ffa64ddf924dc--6NYlbfkN0An5k8t_-48DHAo0MWaIPjz7O-u64p4Mb1LI-9P2viYBa0oCcrP77KcSuqC_kHfRAxbh7tqm9_TYm1aycWF-YRG0HdRueHHrJuB5Tm2cWlmOZjX9nQaaSREQnlyENwWqP8b_ttbDQ_1aY6b86BnZ5L3lg8djMxYRSKPW5jqJ6LJmcu8fbIxwlwpLUF9z0dYq0Le4TFYxdW0tRojvW3ygqV12DSdNJhiHH2jmmH3jjSYNTLADyzyIHgn8MHaygTYfTqAQmQ9S5qwmfg4uWKEi-5W2qkuV3-ZdzV1c48nnOoycci1fL4bMTo5tqkevLvAVvpWRBASRW0OhHkICE_rLQDpTHl7TvmLyJCzjzy_F0b_QiKgxu488ehzR0Sq52n0Lz2vTLdUB5pXiNxPoJv3p30ikEecY09xN4xY-D8jHwfqpgPGwb5v62ajHLPFFWSBCwdRhGeXUz3kXJ8RMO_MmwThnE86Wk0lTE6GCzSgGsAlYw7PgJMxgACa,"Want to build a stronger, more sustainable future and cultivate your career? Join Cargill's global team of 155,000 employees who are committed to safe, responsible and sustainable ways to nourish the world. This position is in Cargill’s agricultural supply chain business, where we seamlessly connect farming customers with food, feed and industry.
Job Purpose and Impact

The GIS Specialist will create highly complex insights on monetizable businesses questions using powerful geo analytics that connect live, bottom up company intelligence and create competitive edge not possible from other ways. In this role, you will seek, understand and agree on the key local business questions to be answered before deploying the plan on data, technology, geo analytics and models, people and culture in the region. You will coach, orient and support diverse teams on the geographic information science usage to solve relevant business questions and guide and advise more junior analysts to use and develop methodologies and medium models focusing on solving powerful and monetizable business questions. Key Accountabilities

Ensure timely availability of key data sets.
Execute highly complex global spatial information science analytics efforts defined by the regional strategy and effectively communicated to the local businesses.
Run, use and challenge global information science team analyses, methodologies and complex models, such as area survey using satellite images, index analysis and spatial analysis to deliver results and intelligence to influence the creation of insights for the businesses.
Transform geographic information science knowledge and usage into businesses insights and competitive advantage to the local business by the development of analysis for internal experts to guide and influence their insights to the commercial and trading teams locally.
Mentor global information science analysts to provide real value, assist them to understand the connection between the team and the local business needs and demonstrate the value of each specific local analysis for the business.
Connect the local geographic information science link among the countryside, trading, analytical and various other teams to gather data and market knowledge in order to better use the spatial analysis to create businesses competitive advantage.
Provide thought leadership for new data, technology, tools and innovation on the regionally geo analytics solutions and support to establish processes to efficiently gather potential insights generating data.
Independently handle complex issues with minimal supervision, while escalating only the most complex issues to appropriate staff. Qualifications
Minimum Qualifications
Bachelor's degree in a related field or equivalent experience
Advanced knowledge of highly complex modeling techniques and big data management
Ability to quickly take disparate information and derive accurate insights
Confirmed ability to solve complex problems, execute under tight timelines and pressure
Understanding of markets and interest in how markets work
Minimum of four years of related work experience
Programming knowledge (Python, R, IDL)
Advanced English
Other minimum qualifications may apply Preferred Qualifications
Master's degree
Fluent English

At Cargill, everyone matters and everyone counts. Cargill is committed to creating and sustaining an inclusive and diverse work environment where all employees are treated with dignity and respect. As such and in alignment with our Guiding Principles, Cargill's long-standing equal employment opportunity policy prohibits discrimination and harassment against any employee or applicant based on race, ethnicity, color, religion, national origin, ancestry, sex, gender, gender identity, gender expression, sexual orientation, age, disability, pregnancy, genetic information, marital status, family status, citizenship status, veteran status, military status, union affiliation, or any other status protected by law. Cargill also complies with all applicable national and local laws and regulations pertaining to non-discrimination and employment."
Cargill Portuguese,Especialista em Geoprocessamento,São Paulo,https://www.glassdoor.com.br/partner/jobListing.htm?pos=104&ao=1110586&s=58&guid=00000180f3687be8b6f4534955b061fc&src=GD_JOB_AD&t=SR&vt=w&uido=2E50B53C87A2AF5ED1BE321290C7D09E&cs=1_acf29d84&cb=1653351152885&jobListingId=1007779036690&cpc=8795CF9063CD573D&jrtk=3-0-1g3pmgv0ppklr801-1g3pmgv1kr0f9800-78efbaa0f8f99e0a--6NYlbfkN0An5k8t_-48DHAo0MWaIPjz7O-u64p4Mb1LI-9P2viYBa0oCcrP77KcSuqC_kHfRAxbh7tqm9_TYnKbhu1WUDd1DgZ_1F7VO7mgu1AE6xqH4Oll3-C-BulNvwmAQj2m0E384aV0tXjAzMveZD1O9vC_YBfcexrntNt3FSRorN6eR-CRSCWwBmbPwNx9Asr-ssTWIJgnxS1k-OPQBya_IPr4ZOKf05hChNw7HJFANULviRweFdmslzS6pWS1Q0zwhyCvxn9MYIbL1fqwY32xE-LwkWf4R07TTpdAIBNdHc9juvibupOZHGDUkiJTSyXROODSzNo3j2L1vNHYhfeaLfYf5aeXKcOrk2QjMAFPgliQ5h9Rdr0CxwBkD6QTmJypO_4VR2ZT4fpCNStRyUjezLml-KKAIEefo9AWaP27bi-G0JXiH3oNLYkEcdzDdkiQBabGXGI79z8EqvNxAG3LjaEDXrs19vYvcdxDNzDR-cFCwcBUZI1bg-q1k9fp2GPG4ic%3D,"Want to build a stronger, more sustainable future and cultivate your career? Join Cargill's global team of 155,000 employees who are committed to safe, responsible and sustainable ways to nourish the world. This position is in Cargill’s agricultural supply chain business, where we seamlessly connect farming customers with food, feed and industry.
Job Purpose and Impact

The GIS Specialist will create highly complex insights on monetizable businesses questions using powerful geo analytics that connect live, bottom up company intelligence and create competitive edge not possible from other ways. In this role, you will seek, understand and agree on the key local business questions to be answered before deploying the plan on data, technology, geo analytics and models, people and culture in the region. You will coach, orient and support diverse teams on the geographic information science usage to solve relevant business questions and guide and advise more junior analysts to use and develop methodologies and medium models focusing on solving powerful and monetizable business questions.
Key Accountabilities
Ensure timely availability of key data sets.
Execute highly complex global spatial information science analytics efforts defined by the regional strategy and effectively communicated to the local businesses.
Run, use and challenge global information science team analyses, methodologies and complex models, such as area survey using satellite images, index analysis and spatial analysis to deliver results and intelligence to influence the creation of insights for the businesses.
Transform geographic information science knowledge and usage into businesses insights and competitive advantage to the local business by the development of analysis for internal experts to guide and influence their insights to the commercial and trading teams locally.
Mentor global information science analysts to provide real value, assist them to understand the connection between the team and the local business needs and demonstrate the value of each specific local analysis for the business.
Connect the local geographic information science link among the countryside, trading, analytical and various other teams to gather data and market knowledge in order to better use the spatial analysis to create businesses competitive advantage.
Provide thought leadership for new data, technology, tools and innovation on the regionally geo analytics solutions and support to establish processes to efficiently gather potential insights generating data.
Independently handle complex issues with minimal supervision, while escalating only the most complex issues to appropriate staff.
Qualifications
Minimum Qualifications
Bachelor's degree in a related field or equivalent experience
Advanced knowledge of highly complex modeling techniques and big data management
Ability to quickly take disparate information and derive accurate insights
Confirmed ability to solve complex problems, execute under tight timelines and pressure
Understanding of markets and interest in how markets work
Solid related work experience
Programming knowledge (Python, R, IDL)
Advanced English
Other minimum qualifications may apply
Preferred Qualifications
Master's degree
Fluent English
At Cargill, everyone matters and everyone counts. Cargill is committed to creating and sustaining an inclusive and diverse work environment where all employees are treated with dignity and respect. As such and in alignment with our Guiding Principles, Cargill's long-standing equal employment opportunity policy prohibits discrimination and harassment against any employee or applicant based on race, ethnicity, color, religion, national origin, ancestry, sex, gender, gender identity, gender expression, sexual orientation, age, disability, pregnancy, genetic information, marital status, family status, citizenship status, veteran status, military status, union affiliation, or any other status protected by law. Cargill also complies with all applicable national and local laws and regulations pertaining to non-discrimination and employment."
Jobbol,Desenvolvedor Python Junior - Vila Olímpia,São Paulo,https://www.glassdoor.com.br/partner/jobListing.htm?pos=105&ao=1136043&s=58&guid=00000180f3687be8b6f4534955b061fc&src=GD_JOB_AD&t=SR&vt=w&uido=2E50B53C87A2AF5ED1BE321290C7D09E&cs=1_3c1e9e4f&cb=1653351152885&jobListingId=1007861660646&jrtk=3-0-1g3pmgv0ppklr801-1g3pmgv1kr0f9800-10af770316c8d48e-,"Empresa de Consultoria em Tecnologia Informação admite Desenvolvedor Python Junior em São Paulo (Vila Olímpia) para atuar em Tempo integral, Comercial.

Programar baselines. Subir contratos anuais no sistema. Programação em Python. Checar números, garantir que cálculos estejam corretos.

É oferecido contrato Pessoa Jurídica, Beneficios a combinar /
vaga cód: 902187532"
UnitedHealth Group,"Analista de Informações Gerenciais Junior (Laboratório) - São Paulo, SP",São Paulo,https://www.glassdoor.com.br/partner/jobListing.htm?pos=106&ao=1136043&s=58&guid=00000180f3687be8b6f4534955b061fc&src=GD_JOB_AD&t=SR&vt=w&uido=2E50B53C87A2AF5ED1BE321290C7D09E&cs=1_ca1f5081&cb=1653351152885&jobListingId=1007878119092&jrtk=3-0-1g3pmgv0ppklr801-1g3pmgv1kr0f9800-08bf829f325ebbf3-,"O UnitedHealth Group é uma empresa norte-americana que se dedica a atividades variadas no setor de saúde e bem-estar. Por meio de 285 mil colaboradores no mundo todo, levamos benefícios de saúde para pessoas em mais de 130 países. No Brasil atuamos através de três empresas distintas: a Amil, operadora de benefícios de saúde; o Americas Serviços Médicos, especializado em serviços médico-hospitalares; e a Optum , focada em serviços de saúde integrados à tecnologia da informação. No UnitedHealth Group , compartilhamos uma meta comum: ajudar as pessoas a viver de forma mais saudável e contribuir para que o sistema de saúde funcione melhor para todos. Você verá que suas contribuições estão ajudando a impulsionar a acessibilidade e qualidade da assistência à saúde para milhões de pessoas e ajudando, ao mesmo tempo, a moldar o modo como a assistência à saúde se desempenha no futuro. Venha realizar o melhor trabalho da sua vida. ℠
Principais responsabilidades:
Desenvolver análises de informações gerenciais, ferramentas de gestão visando o controle e a melhoria de resultados e indicadores, auxiliando na tomada de decisões e cumprimento de metas da área;
Capturar dados financeiros de custos e receita junto às unidades de negócios;
Mapear o fluxo de dados atual e sugerir melhores práticas;
Ebaborar dashboards e relatórios gerenciais de custos e performance financeira (planejado vs. realizado) e de produtividade dos laboratórios.;
Extrair, manipular e analisar informações extraídas de bancos de dados;
Gerar e elaborar relatórios, indicadores operacionais e de resultados;
Analisar mensalmente os relatórios gerados, mapear as necessidades das áreas de apoio e elaborar propostas de relatórios;
Montar apresentações para a Gerência de Laboratórios;
Apoiar as áreas de MDT nas análises de dados.
Qualificações Necessárias:
Ensino superior completo ou cursando em Administração, Engenharia, TI (Tecnologia da Informação) ou Ciência da Computação;
Desejável excel avançado;
Conhecimento em SQL, Power BI, Python são diferenciais;
Experiência anterior nas atividades.
Fique atento (a)! O processo seletivo será agendado no modelo on line. Caso seu currículo seja pré selecionado, você pode receber um e-mail com orientações para realizar o auto agendamento da entrevista.
Nosso compromisso é promover uma cultura de inclusão da diversidade, que capacita nossos colaboradores a contribuir com o seu melhor. Todos os candidatos qualificados serão considerados para as vagas, sem distinção de etnia, religião, orientação sexual, identidade e/ou expressão de gênero, idade, nacionalidade ou deficiência. O UnitedHealth Group é um empregador de igualdade de oportunidades de emprego.

Palavras-Chave: UnitedHealth Group , UHG, Amil, Americas Serviços Médicos, Analista de Informações Gerenciais Junior, Laboratório, Diversidade, PcD , Pessoa com Deficiência,São Paulo, SP."
ITAPEVA Recuperação de Créditos,Analista Júnior - Estratégia,São Paulo,https://www.glassdoor.com.br/partner/jobListing.htm?pos=107&ao=1136043&s=58&guid=00000180f3687be8b6f4534955b061fc&src=GD_JOB_AD&t=SR&vt=w&uido=2E50B53C87A2AF5ED1BE321290C7D09E&cs=1_74e9d5ce&cb=1653351152885&jobListingId=1007742119167&jrtk=3-0-1g3pmgv0ppklr801-1g3pmgv1kr0f9800-dead29bb48272f72-,"Estamos em busca de recém formados em exatas (Ex.: Engenharia, Matemática, Física) com objetivo de trabalhar com estratégia de cobrança.


Responsabilidades e atribuições

Desenvolver e manter processos de negócio;
Realizar análises de dados para suporte de tomada de decisão: diagnósticos, avaliar impactos de mudanças em processos, etc.;
Criar e atualizar relatórios;
Acompanhar indicadores;
Criar/sugerir/implementar estratégias de cobrança;
Implantar e mensurar testes A/B.

Requisitos e qualificações

Inclinação à P & D;
Pensamento analítico;
Habilidade para resolução de problemas;
Recém formados em exatas (Ex.: Engenharia, Matemática, Física);
Diferenciais: Familiaridade com linguagens: Python, R e/ou SQL e ter realizado iniciação científica.


Informações adicionais

Flexibilidade de Horário;
Plano de Saúde;
Plano Odontológico (opcional);
Vale Refeição e Vale Alimentação: R$45,00 no cartão Caju;
Vale Transporte, Vale Combustível ou Estacionamento;
Bônus de até 06 salários/ano;
Salário: R$ 3.500,00."
XP Inc.,Analista Jr | Tesouraria SRM,São Paulo,https://www.glassdoor.com.br/partner/jobListing.htm?pos=108&ao=1136043&s=58&guid=00000180f3687be8b6f4534955b061fc&src=GD_JOB_AD&t=SR&vt=w&uido=2E50B53C87A2AF5ED1BE321290C7D09E&ea=1&cs=1_0b6b5696&cb=1653351152886&jobListingId=1007839123851&jrtk=3-0-1g3pmgv0ppklr801-1g3pmgv1kr0f9800-ae36d4af06783d55-,">> Sobre nós
Muitos acham que sonhamos grande demais, mas aqui na XP Inc. acreditamos no impossível. Nossa história começou em 2001, com um pequeno escritório de agentes autônomos de investimentos em Porto Alegre. Chegamos até aqui com a dedicação de equipes talentosas que tiveram autonomia e liberdade, e abraçaram nossos desafios.
Acreditamos que temos tudo para ser a maior instituição financeira da América Latina, tornando o Brasil referência em inovação e educando financeiramente mais de 50 milhões de brasileiros. É isso que nos move em direção ao nosso propósito de melhorar a vida das pessoas.
>> Nossos valores
Foco no cliente: colocamos os interesses do cliente como prioridade.
Sonho grande: miramos no impossível, construímos juntos os caminhos e chegamos lá.
Mente aberta: estamos abertos para inovar, sempre baseados em fatos e dados, sem medo de errar e dispostos a corrigir.
Espírito empreendedor: assumimos protagonismo na tomada de decisão e focamos nosso tempo na geração de valor a longo prazo.
Se identificou com a nossa cultura? Então embarque nesse foguete!
>> Sobre a vaga
Essa oportunidade é para a área de Strategic Risk Management, que tem a missão de controlar o risco dos derivativos que oferecemos aos nossos clientes, através do controle das métricas (VAR/Stress) e cálculos de fatores de risco (pre,cupom,ipca,gregas) da tesouraria. Esse é um time apaixonado por desafios, você pode se dar muito bem se gostar de ser desafiado analiticamente, de programação e do mercado financeiro.

Principais responsabilidades:
Apoiar nos controles de risco dos derivativos que oferecemos aos nossos clientes
Operacionalização e automatização de fluxos e processos
Aprender sobre produtos de Tesouraria e de mercado financeiro


>> Para esta vaga, é essencial:
Ter a nossa cultura
Conhecimento de Programação (Python Médio/Avançado)
Perfil analítico
Perfil proativo e com vontade de encontrar soluções e aprimorar processos
>> Você pode ter destaque se:
Inglês (reading and listening);
Conhecimento de outras linguagens de programação (VBA, SQL etc.);
Experiência prévia nas áreas de Tesouraria, Riscos ou Mesa de Operações;
Já tiver tido contato com produtos financeiros e de Tesouraria

>> Benefícios para você:
Saúde e bem estar: plano de saúde, plano odontológico, Gympass, Zenklub, VA, VR, seguro de vida.
Maternidade e Paternidade: auxílio creche para pais e mães, licença maternidade de 6 meses, licença paternidade de 20 dias.
Só na XP Inc.: assessoria de investimento e acesso a fundos de investimentos exclusivos.
Sociedade: aqui você terá a cultura, ambiente e ferramentas que precisa para ter condições de ser dono da sua própria jornada e quem sabe até de um pedaço da empresa.
>> #XPdeQualquerLugar
Mais liberdade, autonomia e flexibilidade no seu dia a dia. Aqui, você pode escolher onde quer trabalhar e como vai ser a sua jornada de trabalho.
Trabalhe de onde quiser
Auxílio trabalho remoto de $170
Mobília para equipar seu espaço de trabalho
Saiba mais sobre nosso dia a dia no Instagram CLICANDO AQUI
Confira nossas avaliações no Glassdoor CLICANDO AQUI


""Se te oferecem um lugar em um foguete, não pergunte qual é o assento, apenas embarque.""
Sheryl Sandberg


#LI-REMOTE"
Clearsale,ANALISTA DE INTELIGÊNCIA ESTATÍSTICA JÚNIOR (100% REMOTO),São Paulo,https://www.glassdoor.com.br/partner/jobListing.htm?pos=109&ao=1136043&s=58&guid=00000180f3687be8b6f4534955b061fc&src=GD_JOB_AD&t=SR&vt=w&uido=2E50B53C87A2AF5ED1BE321290C7D09E&ea=1&cs=1_3f3c7f98&cb=1653351152886&jobListingId=1007862023825&jrtk=3-0-1g3pmgv0ppklr801-1g3pmgv1kr0f9800-7741defd1cc34fd1-,"Venha trabalhar na área de inovação da empresa mais amada do Brasil!
O ClearXplore é uma iniciativa da Clearsale S/A, empresa pioneira e líder em gestão de risco de fraude no Brasil, para explorar novas oportunidades de negócio.
É um centro de empreendedorismo tecnológico que busca resolver novos problemas, gerando ainda mais valor e confiança entre o mercado e o consumidor.
Estamos buscando profissionais de Analytics que possam contribuir para a exploração de novas oportunidades de negócio na área de inovação de uma das melhores empresas para se trabalhar no setor de tecnologia no país.
Queremos um profissional que entenda bem o problema do negócio e seja bom em encontrar padrões e irregularidades, gerando insights úteis para a resolução do problema e que, com isso, consiga responder as dores dos clientes..
 O que você precisa para participar do processo:
Que tenha bom domínio de conceitos estatísticos;
Que tenha conhecimento de alguma linguagem de programação SQL e/ou Python
Tem alta capacidade de iniciativa e sede por respostas;
Tem atenção elevada aos detalhes e capacidade de ser multitarefas;
Tem segurança na tomada de decisões que podem gerar grandes impactos;
Sabe trabalhar em equipe (acreditamos muito em ""nós"" ao invés de ""eu"");
É solucionadora de problemas;
Busca constantemente a excelência: acredita que qualquer coisa pode ser resolvida ou melhorada;
Tenha alta flexibilidade e adaptabilidade em relação a mudanças de prioridades.
Sabe manipular grandes volumes de dados;
Busca constantemente por novas tecnologias e técnicas de modelagem/ programação para aplicar ao negócio;
Responsabilidades e Atribuições:
Gerir, criar e dar manutenção aos indicadores contratuais que temos com nossos clientes;
Certificar-se que nossos processos sejam eficientes e de alta qualidade, sendo entregue a clientes internos e externos, atendendo (ou excedendo) os padrões de serviço acordados;
Aprendizado rápido de novos conceitos (técnico, de risco, negócios);
Enquadramento de questões comerciais em termos analíticos e estruturação das análises necessárias;
Trabalho com grandes volumes de dados com extração e manipulação de grandes conjuntos de dados, usando ferramentas como SQL e/ou Python;
Criação de regras antifraude através da investigação, mineração e manipulação de dados em ferramentas de programação, com o intuito de identificar padrões de comportamentos que mitiguem o risco de fraude;
Comunicação de conceitos complexos e dos resultados das análises de forma clara e eficaz através da visualização criativa;
Formulação, construção e condução de análises para obter conclusões válidas referentes ao processo de gerenciamento de risco de fraude, que possam ser aplicados e escalados internamente;
Vem com a gente se você é uma pessoa que:
Boa experiência em análise de dados;
Essencial ter bom domínio de conceitos estatísticos;
Bons conhecimentos em ferramentas de programação (SQL, Python ou R);
Bons conhecimentos em Excel;
Bons conhecimentos em regras de negócio;
Capacidade para trabalhar de forma colaborativa, sempre no espírito de equipe;
Inglês será um diferencial;
Desejável conhecimento no segmento de prevenção e combate a fraudes/ análise de risco;
Desejável ensino superior nas áreas de Exatas (Matemática, Estatística, Engenharia, Ciências da Computação, Economia, Física, ou áreas correlatas).
Local de Trabalho: Nosso escritório matriz fica localizado na Barra Funda / SP. Porém, neste momento, estamos todos trabalhando 100% remoto, e existe grande possibilidade de permanecermos.
Horário: Flexível.
Salário: A combinar
Benefícios Oferecidos:
PLR (Participação nos Lucros e Resultados);
Vale Refeição ou Vale Alimentação;
Auxílio Creche para crianças até 4 anos e 11 meses;
Seguro de Vida;
Gympass;
Sesc;
Cartão Multibenefícios Alelo – (com desconto na compra de diversos itens na rede credenciada, incluindo medicamentos em diversas redes de farmácias);
Assistência Médica e Odontológica Amil
Benefícios adicionais com atividades disponíveis na Clearsale:
Atualmente estamos em home office, e a empresa fornece todos os equipamentos necessários;
Aulas de teatro;
Política Educacional para Graduação e Pós Graduação;
Programa eu Saudável (Acompanhamento de saúde e bem estar);
Programa Primeiros Laços (Acompanhamento Gestacional);
Consultas médicas remotas;
Palestras de desenvolvimento pessoal e profissional.
Todas as nossas posições também são destinadas a pessoas com deficiência.
Na ClearSale respeitamos a diversidade, temos uma cultura totalmente inclusiva que busca a equidade e valoriza as diferenças :)"
Avellar Media,Data Scientist Jr,São Paulo,https://www.glassdoor.com.br/partner/jobListing.htm?pos=110&ao=1136043&s=58&guid=00000180f3687be8b6f4534955b061fc&src=GD_JOB_AD&t=SR&vt=w&uido=2E50B53C87A2AF5ED1BE321290C7D09E&cs=1_adb74bdc&cb=1653351152886&jobListingId=1007874068720&jrtk=3-0-1g3pmgv0ppklr801-1g3pmgv1kr0f9800-b18ea7edd0d3cb86-,"Sobre a Adventures:

Somos uma Brandtech. Operamos ao lado de clientes de todos os setores, utilizando frente a velocidade das mudanças na era digital. Se você busca criar novos modelos de comunicação e operar na fronteira; se você é apaixonado(a) pelo que faz, se você acredita que marketing vai muito além do que é praticado atualmente no mercado, se você acredita num modelo meritocrático e societário de distribuição de riquezas, mas que também preza pelo bem-estar do colaborador... se tudo isso faz seu olho brilhar, esse aqui é o seu lugar!
Sobre a oportunidade:
Estamos em busca de um Cientista de Dados JR com:
Experência minima em Dados e que saiba lidar com novos desafios;
 Versatilidade e adaptabilidade;
Organização e comunicação.
O Candidato ideal tem:
 Bons conhecimentos em SQL;
 Proficiência em linguagem Python;
 Bons conhecimentos de técnicas de modelagem de Machine Learning;
 Conhecimentos prático de bibliotecas do mercado (scikit-learn, tensorflow, mllib);
 Conhecimentos em estatística descritiva;
 Metodologias ágeis Scrum, Kanbam;
 Uma personalidade brilhante e fit cultural com a Adventures;
 Uma obsessão por alta performance, superação de desafios e constante aprendizado."
ITAPEVA Recuperação de Créditos,Analista de Business Intelligence Junior,São Paulo,https://www.glassdoor.com.br/partner/jobListing.htm?pos=111&ao=1136043&s=58&guid=00000180f3687be8b6f4534955b061fc&src=GD_JOB_AD&t=SR&vt=w&uido=2E50B53C87A2AF5ED1BE321290C7D09E&cs=1_c1451d08&cb=1653351152886&jobListingId=1007778065579&jrtk=3-0-1g3pmgv0ppklr801-1g3pmgv1kr0f9800-5b131ee46891aa96-,"Estamos em busca de bons profissionais para completar nosso time de Business Intelligence. :)
Responsabilidades e atribuições

Controle e acompanhamento de processos da área de Business Intelligence, prestando suporte as áreas de negócio, garantindo entrega e consistência dos dados nas ferramentas de BI e nos relatórios;
Atuar na resolução de incidentes de BI, com caráter analítico e com foco na resolução de problemas na sua causa raiz;
Criação de relatórios analíticos, sintéticos e dashboards;
Propor e discutir soluções, melhoria e automação de processos;

Requisitos e qualificações

Formação Superior Completa em Ciência da Computação, Análise de Sistemas, Banco de Dados, Big Data ou áreas relacionadas a Tecnologia da Informação;
Experiência com modelagem e banco de dados relacionais;
Experiência de 1 à 3 anos com desenvolvimento de Banco de Dados (Stored Procedures, Functions, Views, DDL, DML, etc.);
Conhecimento em modelagens Relacional e Multidimensional;
Conhecimento em pelo menos uma ferramenta de integração de dados OLAP(SQL Server Integration Services, Pentaho, Alteryx, etc);
Conhecimento pelo menos uma ferramenta de análise e visualização de dados (MicroStrategy, Power BI, Tableau, Qlik Sense, etc);
Conhecimento em SQL Server Analysis Services;
Conhecimento em boas práticas e conceitos de Business Intelligence;
Diferencial:
Conhecimento em MicroStrategy;
Conhecimento em Python, R e Kafka;
Conhecimento em Metodologias Ágeis;
Desejável:
Inglês Intermediário/Avançado;

Informações adicionais

PLR /Bônus anual de até 6 salários;
Flexibilidade de Horário;
Plano de Saúde;
Plano Odontológico (opcional);
Vale Refeição e Vale Alimentação: R$45,00 no cartão Caju;
Vale Transporte, Vale Combustível ou Estacionamento;
Salário: R$ 3.500,00."
Shopee,Logistics Data Analytics Junior Associate,São Paulo,https://www.glassdoor.com.br/partner/jobListing.htm?pos=112&ao=1136043&s=58&guid=00000180f3687be8b6f4534955b061fc&src=GD_JOB_AD&t=SR&vt=w&uido=2E50B53C87A2AF5ED1BE321290C7D09E&cs=1_5249b5f8&cb=1653351152886&jobListingId=1007836062521&jrtk=3-0-1g3pmgv0ppklr801-1g3pmgv1kr0f9800-8c894c8199dd2a48-,"The data analytics team uses quantitative analysis to answer strategic questions, develop new metrics, and inform the mental models of leaders focused on providing high-quality data-specific answers to the most important questions. This team has a high impact on logistics, but also to help improve seller and customer experience. You will be developing dashboards, analysis, mapping opportunities and innovation, will work on projects, support logistics leaders for decision making, help set up metrics, explain what drove the SLA and support executives identify and seize strategic opportunities. The outputs are a mix of data tables, slides, SQL queries. Your work will have an influence across nearly every team and your deliverables will drive the area.


Job Description:

Pull data from numerous databases in other to review performance metrics driving business results.
Perform deep-dive analysis to identify problems, and find opportunities to improve the logistics experience.
Prepare and participate in recurrent calls, business reviews, and workshops to support the improvement plans.
Create scalable and transparent reporting mechanisms.
Escalate problems or variances in data to the relevant owners and follow through on the resolutions to ensure they are delivered.


Requirements:

Bachelor's degree in Logistics, Supply Chain, Mathematics or Engineering.
Strong communication and writing skills to build effective relationships and influence decision making.
Demonstrated ability to meet deadlines while managing multiple competing projects.
Experience writing advanced SQL queries for large datasets.
Good knowledge of statistics, and experience with Python.
Advanced English skills (not mandatory)."
Tecla T,Desenvolvedor Back-End Python Júnior | Remoto,São Paulo,https://www.glassdoor.com.br/partner/jobListing.htm?pos=113&ao=1136043&s=58&guid=00000180f3687be8b6f4534955b061fc&src=GD_JOB_AD&t=SR&vt=w&uido=2E50B53C87A2AF5ED1BE321290C7D09E&ea=1&cs=1_6e0f0782&cb=1653351152887&jobListingId=1007879358131&jrtk=3-0-1g3pmgv0ppklr801-1g3pmgv1kr0f9800-9d30555addeff7a4-,"desenvolvedor python com experiência em RPA.
Linguagem Python
Experiência em RPA
1 ano de Experiência
Comportamental
Dinâmino
Proativo
Hands On
Comunicativo
Solucionador
Cartão Flash R$ 330,00/Mês
Folgas Remuneradas
Desconto no Plano de Saúde
Acesso a Plataforma Gympass
Acesso a Plataforma Udemy
Day Off Aniversário
Máquina da empresa p/ trabalhar"
UBS,Junior Client Reports Analyst,São Paulo,https://www.glassdoor.com.br/partner/jobListing.htm?pos=114&ao=1136043&s=58&guid=00000180f3687be8b6f4534955b061fc&src=GD_JOB_AD&t=SR&vt=w&uido=2E50B53C87A2AF5ED1BE321290C7D09E&cs=1_982aaa9b&cb=1653351152886&jobListingId=1007837889423&jrtk=3-0-1g3pmgv0ppklr801-1g3pmgv1kr0f9800-be0ce8852dd4f1d7-,"Brazil
Operations
Global Wealth Management
Job Reference #
253870BR
City
Sao Paulo
Job Type
Full Time
Your role
Are you an organized individual? Are you a diligent, process-driven individual? Are you experienced in working with a high pression environment?

We’re looking for an operations specialist, to support in our Reports routines, for Wealth Management business. The Client Service Specialist is responsible for generating the reports that are sent to customers (On-Shore and Off-Shore). This includes (but is not limited to) contact with counterparties, to receive statements, registration of basic information in the systems, input the client trades in the internal system, price update and it’s validation, analysis of third-party statements and validation of UBS reports. The Junior Client Reports Analyst will work with Front Office, Portfolio managers, as well as partnering with Group Finance, Group Risk, Group Technology and Operations.

Work closely with:
Monthly reports managementSet up Key Performance Indicators for operational routinesBusiness as Usual maintenanceAttend business demandsData analyticsParticipate in Internal & External audit assisting the ManagersParticipate in projects
Your team
You’ll be working in our Operations team in Sao Paulo. We’re responsible for deliver monthly reports for the Wealth Management business.
Your expertise
bachelor’s degree in Accounting, Economics, Engineering, IT, Business Administration or related field1-2 years of equivalent work experience in a client reports or operations department (back and middle-office)knowledge of investment products (funds, bonds, equities, derivatives, etc) - On-Shore and Off-Shoreknowledge of excel, Power BI or Pythongood communication, negotiation and interpersonal skillsdemonstrated ability to meet commitments with all levels of managementideally fluent English
About us
UBS is the world’s largest and only truly global wealth manager. We operate through four business divisions: Global Wealth Management, Personal & Corporate Banking, Asset Management and the Investment Bank. Our global reach and the breadth of our expertise set us apart from our competitors.

With more than 70,000 employees, we have a presence in all major financial centers in more than 50 countries. Do you want to be one of us?
How we hire
This role requires an assessment on application. Learn more about how we hire: www.ubs.com/global/en/careers/experienced-professionals.html
Join us
At UBS, we embrace flexible ways of working when the role permits. We offer different working arrangements like part-time, job-sharing and hybrid (office and home) working. Our purpose-led culture and global infrastructure help us connect, collaborate, and work together in agile ways to meet all our business needs.

From gaining new experiences in different roles to acquiring fresh knowledge and skills, we know that great work is never done alone. We know that it's our people, with their unique backgrounds, skills, experience levels and interests, who drive our ongoing success. Together we’re more than ourselves. Ready to be part of #teamUBS and make an impact?
Disclaimer / Policy Statements
UBS is an Equal Opportunity Employer. We respect and seek to empower each individual and support the diverse cultures, perspectives, skills and experiences within our workforce."
Bridgestone do Brasil,Analista de Dados de Recursos Humanos JR,Santo André,https://www.glassdoor.com.br/partner/jobListing.htm?pos=115&ao=1136043&s=58&guid=00000180f3687be8b6f4534955b061fc&src=GD_JOB_AD&t=SR&vt=w&uido=2E50B53C87A2AF5ED1BE321290C7D09E&cs=1_535d26ef&cb=1653351152886&jobListingId=1007869913870&jrtk=3-0-1g3pmgv0ppklr801-1g3pmgv1kr0f9800-c18cdfbdc103fac9-,"Today, Tomorrow, Together, we will Thrive
Na Bridgestone, continuamos a nos transformar para nos posicionarmos como referência em Soluções de Mobilidade no mercado. Por isso, com o objetivo de sermos agentes de mudanças tanto para nossa companhia como para nossa comunidade, seguimos criando oportunidades que nos permitem atrair os melhores talentos para a Bridgestone.
Responsabilidades e atribuições

Recrutar dados em diferentes bases junto ao time de RH de todas as unidades do Brasil;
Minerar de dados de fontes primárias e secundárias
Limpar e organizar dados para descartar informações irrelevantes
Analisar e interpretar os resultados usando ferramentas e técnicas estatísticas
Realizar reporte mensal a diretoria de RH dados de Recursos Humanos consolidados em todas as plantas;
Suportar as equipes de RH no desenho de indicadores estratégicos;
Criar com base nos indicadores análises de tendências propondo planos de ação;
Elaboração de dashboards em ferramentas adequadas como Power BI;
Transformar dados em informações relevantes que possam ser utilizados para tomada de decisão;
Ser responsável por propor e implementar ferramentas para uso interno da área de dados, visando aumentar a maturidade e agilidade de desenvolvimento do time de RH.
Implementar a longo prazo, iniciativas e projetos ligados a cultura Ágil;
Requisitos e qualificações

Experiência na área de análise de dados.
Formação: Ensino Superior completo em Administração, Ciências da Computação e afins
Outros Cursos/Conhecimentos específicos/Habilidades: Infraestrutura de banco de dados, metodologias ágeis e python, formação e habilidades avançadas em Excel e Power BI.

Informações adicionais
Uma carreira na Bridgestone é uma oportunidade para mudar o mundo à sua volta. Are you ready?
Diversidade e inclusão são uma parte central dos valores da Bridgestone ao mais alto nível. Isso é fundamental para que nosso pessoal demonstre paixão pela excelência para melhorar a sociedade conectada ao mundo em que vivemos. Nosso compromisso com a diversidade, está ligado à missão de nossos fundadores de ‘Servir a Sociedade com Qualidade Superior’, que é essencial para moldar e criar a organização, servindo a todas as pessoas, com respeito, ligadas ao nosso negócio. Reconhecemos que cada pessoa é diferente e que atrair, desenvolver e reter nossos funcionários criará um ambiente de trabalho sustentável, essencial para o nosso sucesso.
Benefícios oferecidos:
Assistência médica;
Assistência odontológica;
Convênio farmácia;
Refeitório no local;
Seguro de vida;
PLR;
Bônus por tempo de casa;
Vale pneu;
Cesta de Natal;
Vale brinquedo e kit material escolar (para os papais e mamães)."
Bradoo Technologies,Dev Full Stack,São Paulo,https://www.glassdoor.com.br/partner/jobListing.htm?pos=116&ao=1136043&s=58&guid=00000180f3687be8b6f4534955b061fc&src=GD_JOB_AD&t=SR&vt=w&uido=2E50B53C87A2AF5ED1BE321290C7D09E&cs=1_cc40f598&cb=1653351152887&jobListingId=1006514232708&jrtk=3-0-1g3pmgv0ppklr801-1g3pmgv1kr0f9800-0d3d0879065ddbcd-,"Plano de Carreira em Startup de tecnologia.
Trabalhar em ambiente Ágil, e participar de equipe de desenvolvimento de Produto
Desenvolvimento de produto e atendimento a projetos de clientes
Vagas para todos os níveis: Estágio, Júnior, Pleno e Seniores
Requisitos Conhecimentos obrigatórios em ambiente Open SourceLinux
Python
JavaScriptDocker
PostgresWebServices
Conhecimento desejáveis em frameworks:Odoo (OpenERP)Django ou Flask
Salário conforme perfil"
Innolevels,Analista de Sistemas Java – Junior,São Paulo,https://www.glassdoor.com.br/partner/jobListing.htm?pos=117&ao=1136043&s=58&guid=00000180f3687be8b6f4534955b061fc&src=GD_JOB_AD&t=SR&vt=w&uido=2E50B53C87A2AF5ED1BE321290C7D09E&ea=1&cs=1_ce4f8cbd&cb=1653351152888&jobListingId=1007838570192&jrtk=3-0-1g3pmgv0ppklr801-1g3pmgv1kr0f9800-f3a16a2acf68266a-,"Estamos contratando Analista de Sistemas Java – Junior para a execução de projetos de transformação digital, desenvolvendo ferramentas inovadoras para entregar a melhor experiência para os usuários da plataforma de uma grande empresa de telecomunicação.Entendemos que para essa evolução, é necessário o conhecimento nas tecnologias:· Linguagem SQL;· Sistema Operacional Linux;· Linguagem JAVA;· Rede e Comunicação de Dispositivos;· Execução de Jobs;· Bancos de Dados Oracle e PostgreSQL.Se você conhece ou deseja aprendizado em PHP ou Python será uma grande diferencial para a oportunidade.Principais atividades: · Monitoramento de Aplicações críticas;· Atendimento a Chamados;· Suporte a Clientes em diversos países.Atuação: Híbrido - Curitiba-PRTem interesse?Candidate-se a nossa vaga que teremos o grande prazer de dividir essa experiência com você.“Grandes coisas em termos de negócios nunca são feitas por uma pessoa. São feitas por uma equipe de pessoas""Tipo de vaga: Tempo integral, Efetivo CLT, Autônomo / PJSalário: R$3.800,00 - R$5.040,00 por mêsBenefícios:Assistência médicaVale-refeiçãoHorário de trabalho:Turno de 8 horas"
Banco BBC Digital,ANALISTA DE DADOS JR,São Paulo,https://www.glassdoor.com.br/partner/jobListing.htm?pos=118&ao=1136043&s=58&guid=00000180f3687be8b6f4534955b061fc&src=GD_JOB_AD&t=SR&vt=w&uido=2E50B53C87A2AF5ED1BE321290C7D09E&cs=1_be533ed4&cb=1653351152887&jobListingId=1007828978089&jrtk=3-0-1g3pmgv0ppklr801-1g3pmgv1kr0f9800-300aa648d20b4e04-,"Venha fazer parte do time Banco BBC!
O ecossistema de transporte agora tem uma plataforma pra chamar de sua! Somos a BBC Digital, a conta digital que está inovando a vida de quem move o Brasil.
Aqui temos tudo que caminhoneiros, carreteiros... motoristas de um modo geral precisam, em um único lugar. Para nós, eles(as), são pessoas que merecem experiência, facilidade e tecnologia em suas vidas.
Também temos produtos para embarcadores, transportadoras e postos de combustível. Conectamos tudo para reduzir a burocracia e aumentar produtividade, fazendo com que a vida de todos os brasileiros seja melhor (afinal, tudo que você está usando agora passou por um caminhão, né?!)
Somos uma Empresa diversa e que promove a diversidade em todas as vagas independente de gênero, orientação sexual, raça, religião ou deficiência.
Responsabilidades e atribuições

Automatização de relatórios e dashboards;
Elaboração de análises e estudos com profundidade analítica;
Elaboração de apresentações executivas de resultados;
Criação de dashboards com indicadores de performance do negócio, para todas as etapas do ciclo de vida do cliente e todos produtos do Banco.

Requisitos e qualificações
Formação concluída ou em andamento na área de Exatas (Estatística, Matemática, Engenharia, Análise de Sistemas ou Ciência da Computação);
Programação e lógica avançada;
Conhecimento avançado em automação de processos em Python e/ou SQL SERVER;
Desejável experiência em construção de Dashboards em PowerBI."
McKinsey & Company,Consultant - Manufacturing,São Paulo,https://www.glassdoor.com.br/partner/jobListing.htm?pos=119&ao=1136043&s=58&guid=00000180f3687be8b6f4534955b061fc&src=GD_JOB_AD&t=SR&vt=w&uido=2E50B53C87A2AF5ED1BE321290C7D09E&cs=1_9dc2ccf8&cb=1653351152887&jobListingId=1007490257097&jrtk=3-0-1g3pmgv0ppklr801-1g3pmgv1kr0f9800-2c999ea6010af93b-,"Who You'll Work With
You'll be based in our Sao Paulo office and will be part of our Operations team.
Our Operations practice assists our clients in solving complex operational challenges, blending strategic thinking with hands-on practicality. Our teams of consultants and experts work to develop and implement operational strategies that solve our clients' most critical problems.
What You'll Do
You will play an active role in problem solving for clients including identifying issues, forming hypotheses, designing and conducting analyses and synthesizing conclusions into recommendations.
As part of our two-year Operations Excellence Program (OEP), you will work on client engagements in the same way as any other McKinsey consultant. You will gain leading edge operations and consulting skills primarily through on-the-job coaching which will be complemented by the OEP’s structured capability-building program.
We view the OEP position as the start of a rewarding, challenging and highly flexible career with McKinsey and the Operations practice. During this program, you will serve as a Junior Specialist on multiple client engagements and work with a number of colleagues and clients in a range of industry and operations service lines. You will acquire the necessary knowledge and expertise to help companies achieve excellence in their operations.
Along with other members of the OEP community, you will dedicate many days to functional training and knowledge development under the leadership of our operations experts. You will follow a curriculum based on operations excellence themes and will receive advanced training in specific areas of operations.
Additionally, you will engage with our clients to create new strategies across a wide platform of projects, from automation to mine optimization to predictive maintenance and more. You will not only expand our current analytics capabilities but will help architect new strategies and applications within a dynamic innovative organization.
Upon successful completion of the program, you will join our global group of leading experts in operational excellence. We already have OEP graduates working at all levels of the firm from associate to partner.
Qualifications
Undergraduate degree in engineering, computer science and applied math; master's or other advanced degree preferred
3+ years of professional work experience in manufacturing in basic materials (e.g. metals & mining, pulp & paper), oil & gas industries or consumer goods companies
Experience in application of advanced manufacturing technology including digital and big data (e.g. Smart Factory, IoT, Industry 4.0 automation/robotics in world-class production facilities)
Proven record in defining and/or implementing digital strategies across all stages of the value chain
Programming experience with R, Python or related platform is a plus
Proficiency in one or more of the following: predictive analytics (maintenance, production, environmental conditions), optimization, mine planning tools & software, simulations, automation
Knowledge of lean manufacturing (Toyota Production System TPM, Kaizen methods, JIT, SMED)
Ability to work collaboratively in a team environment at all levels in an organization
Strong communication skills especially around breaking down complex structures into digestible and relevant points for a diverse set of clients and colleagues
Ability to communicate complex ideas effectively, both verbally and written, in English and Portuguese; Spanish is a plus
Comfortable with extensive travel"
McKinsey & Company,Consultant Expert - Manufacturing,São Paulo,https://www.glassdoor.com.br/partner/jobListing.htm?pos=120&ao=1136043&s=58&guid=00000180f3687be8b6f4534955b061fc&src=GD_JOB_AD&t=SR&vt=w&uido=2E50B53C87A2AF5ED1BE321290C7D09E&cs=1_e90daccc&cb=1653351152887&jobListingId=1007849683782&jrtk=3-0-1g3pmgv0ppklr801-1g3pmgv1kr0f9800-79932ea43bef4af8-,"Who You'll Work With
You'll be based in our Sao Paulo office and will be part of our Operations team.
Our Operations practice assists our clients in solving complex operational challenges, blending strategic thinking with hands-on practicality. Our teams of consultants and experts work to develop and implement operational strategies that solve our clients' most critical problems.
What You'll Do
You will play an active role in problem solving for clients including identifying issues, forming hypotheses, designing and conducting analyses and synthesizing conclusions into recommendations.
In this role, as part of our two-year Operations Excellence Program (OEP), you will work on client engagements in the same way as any other McKinsey consultant. You will gain leading edge operations and consulting skills primarily through on-the-job coaching which will be complemented by the OEP’s structured capability-building program.
We view the OEP position as the start of a rewarding, challenging and highly flexible career with McKinsey and the Operations practice. During this program, you will serve as a Junior Specialist on multiple client engagements and work with a number of colleagues and clients in a range of industry and operations service lines. You will acquire the necessary knowledge and expertise to help companies achieve excellence in their operations.
Along with other members of the OEP community, you will dedicate many days to functional training and knowledge development under the leadership of our operations experts. You will follow a curriculum based on operations excellence themes and will receive advanced training in specific areas of operations.
Additionally, you will engage with our clients to create new strategies across a wide platform of projects, from automation to mine optimization to predictive maintenance and more. You will not only expand our current analytics capabilities but will help architect new strategies and applications within a dynamic innovative organization.
Upon successful completion of the program, you will join our global group of leading experts in operational excellence. We already have OEP graduates working at all levels of the firm from associate to partner.
Qualifications
Undergraduate degree in engineering, computer science and applied math; master's or other advanced degree preferred
10+ years of professional work experience in manufacturing in basic materials (e.g. metals & mining, pulp & paper), oil & gas industries or consumer goods companies
Experience in application of advanced manufacturing technology including digital and big data (e.g. Smart Factory, IoT, Industry 4.0 automation/robotics in world-class production facilities)
Proven record in defining and/or implementing digital strategies across all stages of the value chain
Programming experience with R, Python or related platform is a plus
Proficiency in one or more of the following: predictive analytics (maintenance, production, environmental conditions), optimization, mine planning tools & software, simulations, automation
Knowledge of lean manufacturing (Toyota Production System TPM, Kaizen methods, JIT, SMED)
Ability to work collaboratively in a team environment at all levels in an organization
Strong communication skills especially around breaking down complex structures into digestible and relevant points for a diverse set of clients and colleagues
Ability to communicate complex ideas effectively, both verbally and written, in English and Portuguese; Spanish is a plus
Comfortable with extensive travel"
Loggi,Junior Sales Engineer,São Paulo,https://www.glassdoor.com.br/partner/jobListing.htm?pos=121&ao=1136043&s=58&guid=00000180f3687be8b6f4534955b061fc&src=GD_JOB_AD&t=SR&vt=w&uido=2E50B53C87A2AF5ED1BE321290C7D09E&cs=1_57bd89dc&cb=1653351152887&jobListingId=1007851697843&jrtk=3-0-1g3pmgv0ppklr801-1g3pmgv1kr0f9800-dc3ab7d66677394c-,"Let’s talk about Loggi?   
Through technology (mobile, AI, automation, IOT), we have created a next-generation logistics network and we are, in an unprecedented way, positioning ourselves to unleash the growth of a new trade in Brazil with a fast, cost-effective and reliable logistics solution.
By the end of 2021, we want to be present in all Brazilian cities and reach the milestone of 5 million deliveries per day by 2025.
With SoftBank, Microsoft, GGV Capital and others, the new investment round has brought Loggi’s valuation up to US$1 billion hitting the unicorn mark!
Our culture
Inclusive, determined and visionary: that's who we are and how we work here.
We are already more than 1000 Loggers. We are hi-tech, little conservative and we are always up to date! Above all, we hope that everyone is eager to learn and acquire new knowledge quickly.
We look for an increasingly inspiring and welcoming work environment, and we very much hope that you will help us to maintain our culture even at an accelerated pace of growth.
We are very happy to be recognized among the best startups to work according to LinkedIn and Glassdoor, among the 10 most innovative startups by Forbes Brasil and also to be certified by Great Place to Work.
Being part of Loggi must mean that you can be who you are - or want to be. We look for a more accessible country. Thus, we can say that respecting the needs of different people is our reason for existing. This is history, it is culture, it is respect.
Important: All Loggi jobs are also open to people with disabilities (PwD).
Our Engineering team
Loggi’s engineering team is focused on solving highly complex problems, mixing up very experienced professionals and early career employees, in a fortified environment by learning, sharing of experiences and respect. Together, we will build the logistics network of the country, developing unique algorithms, systems and processes.
Our leaders have already left their mark in the national and worldwide tech scenario, working in companies like Google and UOL. They are engaged in finding how to develop a group of more than a thousand programmers to explore the knowledge borders and connect the country.
We believe and invest in everyone's potential:
""Over the next 5 years we want to train Brazil’s future CTOs! Here, we have a structured development program."" (Davi Reis, CTO - Chief Technology Officer)
Responsibilities
As a Sales Engineer at Loggi, your primary role will be to understand the needs of our customers and potential customers and to ensure the success of the technological aspects of integration between Loggi products and our customers' software systems with the support of our internal product team.
Requirements
Good interpersonal and communication skills to deal with customers as well as Loggi teams (CX, CS, Sales, Engineering) (Portuguese and English);
Technical knowledge to understand internal software systems and help customers;
Basic software engineering skills, capable of small to medium code changes (preferred by Python);
Basic project management skills, being able to coordinate and communicate the progress of small to medium-sized projects between organizations (internal and external to Loggi).

Benefits
Health plan with national coverage (without discounts!)
Flexible hours with the possibility of working at home according to function and demand
Eligibility for Stock Options
Meal voucher and transportation voucher with symbolic discount of R$ 1
US$ 3,300 for technical development per year
Frequent knowledge exchanges with internal and external professionals
Individual development plan updated every six months
Feedback culture and opportunity to work according to the squad concept
Possibility to develop new algorithms with the challenge of creating the new generation of logistics
Health plan for children at no extra cost
6-month maternity leave and 20-day paternity leave
Daycare allowance of € 100 per child up to 7 years of age.
This job description is written in English because we already have a technology office in Europe, and as we are hiring professionals from all over the world, you can have interactions with professionals who do not speak Portuguese.
Essa descrição de vaga está escrita em Inglês porque nós já temos um escritório de tecnologia na Europa e, como estamos contratando profissionais de todo o mundo, você pode ter interações com profissionais que não falam Português."
QI TECH,DevOps Jr,São Paulo,https://www.glassdoor.com.br/partner/jobListing.htm?pos=122&ao=1136043&s=58&guid=00000180f3687be8b6f4534955b061fc&src=GD_JOB_AD&t=SR&vt=w&uido=2E50B53C87A2AF5ED1BE321290C7D09E&cs=1_570d3a29&cb=1653351152887&jobListingId=1007807694667&jrtk=3-0-1g3pmgv0ppklr801-1g3pmgv1kr0f9800-703fbac3c2811a05-,"Somos a primeira instituição financeira a criar um modelo exclusivo de Bank as a Service no Brasil. Permitindo que empresas possam construir seu próprio modelo de produtos financeiros com base em nossas APIs ou usando nossa plataforma.
Usamos a tecnologia para desburocratizar, automatizar, melhorar e revolucionar os serviços financeiros no Brasil e estamos procurando talentos que queiram fazer essa diferença com a gente.
Responsabilidades e atribuições
Como um Engenheiro de DevOps, você será um dos responsáveis por criar processos que irão acelerar mais ainda nosso foguete!
Suas atividades:
Contato direto com o time de tecnologia e desenvolvimento à todo momento, trabalhando juntos para realizarem todas entregas;
Oportunidade de observar o dia-a-dia e aliar tecnologias de mercado para trazer melhorias constantes;
Desenvolver soluções focadas em melhorar a eficiência da stack tecnológica e/ou trazer melhorias para o fluxo de desenvolvimento do time;
Constantemente se desafia a entregar projetos para evoluir a si mesmo e a empresa.

Requisitos e qualificações
Requisitos:
Experiência com Google Cloud Platform;
Experiência com infraestrutura como código;
Experiência com automação e monitoramento de pipelines;
Experiência com monitoramento e observabilidade;
Experiência com orquestração de containers;
Experiência com linguagens de script;
Experiência com GitLab CI;
Experiência com Python.
Requisitos Desejáveis:
Conhecimento em redes;
Experiência com desenvolvimento de APIs;
Experiência com desenvolvimento ágil;
Certificações na área.

Informações adicionais
Benefícios:
R$ 1.450,00 no cartão da Caju (VR/VA/Vale Cultura/Vale Educação);
Plano de Saúde Porto Seguro;
Plano Odontológico Porto Seguro;
Bônus anual de até 4 salários (de acordo com performance individual)."
Mayo Consultoria,Desenvolvedor Back End - Python | Django Jr (PJ),São Paulo,https://www.glassdoor.com.br/partner/jobListing.htm?pos=123&ao=1136043&s=58&guid=00000180f3687be8b6f4534955b061fc&src=GD_JOB_AD&t=SR&vt=w&uido=2E50B53C87A2AF5ED1BE321290C7D09E&cs=1_c7a822f6&cb=1653351152887&jobListingId=1007858742755&jrtk=3-0-1g3pmgv0ppklr801-1g3pmgv1kr0f9800-c8cb1965161a7c7e-,"Nível: Especialista
Área: Tecnologia da Informação
Escolaridade: Técnico - Completo
Tipo de contrato: PJ
Jornada de trabalho: Segunda a sexta, 9h às 18h - com flexibilidade. 100% Home office.
Disponibilidade para home-office

Responsabilidades e Experiências desejáveis:
O que esperamos?
Em ambiente colaborativo, ajudar a construir a nova plataforma para o produto GCertifica. Colaborar no desenvolvimento de novas funcionalidades, integrações e serviços.

Funções Essenciais da Vaga
Python
Django framework
PostgreSQL
GraphQL
Desenvolvimento de integrações REST / Soap

Habilidades e Conhecimentos
Conhecimento em Scraper
Testes unitários
GIT
Conhecimento com Google Cloud
Análise e levantamento de requisitos funcionais

Remuneração e informações adicionais:
R$10.000,00 (PJ)
Ajuda de custo R$ 700
Bônus que podem chegar até 4,5 remunerações
Passagem para qualquer lugar do mundo a partir de 3 anos de empresa
Vaga 100% Home-office

Especialista

3 anos"
Plugaaê,Desenvolvedor(a) Back-end Júnior (Java) | PCD | Netshoes,São Paulo,https://www.glassdoor.com.br/partner/jobListing.htm?pos=124&ao=1136043&s=58&guid=00000180f3687be8b6f4534955b061fc&src=GD_JOB_AD&t=SR&vt=w&uido=2E50B53C87A2AF5ED1BE321290C7D09E&ea=1&cs=1_df5e96e3&cb=1653351152888&jobListingId=1007874137610&jrtk=3-0-1g3pmgv0ppklr801-1g3pmgv1kr0f9800-1bf29f5ffb8f12dd-,"Buscamos um(a) Desenvolvedor(a) Back-end Júnior para fazer parte da Tribo Marketplace Netshoes, Squad Pós-Vendas. Se você é apaixonado(a) pelo que faz, estuda sempre, desenvolve talentos e trabalha em equipe essa vaga é para você!
Responsabilidades:
Desenvolvimento de software aplicando as boas práticas de codificação e padrões de projeto sempre pensando em sustentabilidade, segurança, escalabilidade e custo;
Auxiliar na análise e elaboração de arquitetura dos requisitos que serão desenvolvidos no projeto;
Documentação das arquiteturas propostas;
Ser referência técnica para auxiliar os outros integrantes do time;
Realização de revisões de código para garantir artefatos padronizados e de qualidade;
Orientação nas implementações de testes automatizados.
Do que você precisa?
Desenvolvimento Back-end (Python ou Java);
Banco de dados relacionais e não relacionais;
Ferramentas de testes unitário.
Desejável:
Plataforma GCP;
Kubernetes;
Redis;
Docker;
RabbitMQ;
13ª Bolsa Auxílio;
Academia / Práticas Esportivas;
Assist. Médica;
Assist. Odontológica;
Bolsa de Estudo;
Desconto em Produtos;
Poss. Horário Flexível;
Previdência Privada;
Seguro de Vida;
Vale-Alimentação;
Vale-Refeição;"
Luizalabs,Desenvolvedor JR Backend (Java/Python/NodeJS)- Fintech Magalu,São Paulo,https://www.glassdoor.com.br/partner/jobListing.htm?pos=125&ao=1136043&s=58&guid=00000180f3687be8b6f4534955b061fc&src=GD_JOB_AD&t=SR&vt=w&uido=2E50B53C87A2AF5ED1BE321290C7D09E&cs=1_d4a9114c&cb=1653351152888&jobListingId=1007828198027&jrtk=3-0-1g3pmgv0ppklr801-1g3pmgv1kr0f9800-ec09a6aec6d41bd4-,"Endereço:Rua Maria Prestes Maia, 300 - Vila Guilherme.
Como é o ambiente de trabalho?
No Luizalabs, temos grande autonomia e responsabilidade, somos multidisciplinares, auto gerenciáveis e com pouca burocracia no nosso cotidiano, lutando para sempre romper barreiras que diminuam nossa capacidade de agregar valor ao negócio.
Fazemos entregas frequentes e agimos rapidamente ao encontrar problemas; nosso ritmo é acelerado mas temos tranquilidade para planejar e executar nossas tarefas com qualidade. Aqui você tem liberdade para fazer de forma simples e criativa.
Responsabilidades da Oportunidade
Responsabilidades
Desenvolvimento de software aplicando as boas práticas de codificação e padrões de projeto sempre pensando em sustentabilidade, segurança, escalabilidade e custo;
Auxiliar na análise e elaboração de arquitetura dos requisitos que serão desenvolvidos no projeto;
Documentação das arquiteturas propostas;
Realização de revisões de código para garantir artefatos padronizados e de qualidade;
Orientação nas implementações de testes automatizados;
Sugestão de modelos de desenvolvimento que aumente a qualidade dos produtos e a agilidade dos times;
Aplicar e difundir as boas práticas de segurança no projeto;
Garantir que as soluções propostas sejam adequadas à política de custos de projetos da companhia.

Requisitos
Requisitos
Conhecimento nas linguagens Java e/ou Python e/ou NodeJS;
PostgreSQL e/ou MySQL;
Cloud (GCP e/ou AWS);
API REST;
CI (Continuous Integration);
Versionamento de projetos com GIT;
Vivência no processo de deploy de uma aplicação.
Serão considerados diferenciais
Serviços de Mensageria;
Kubernetes, Docker;
Experiência profissional em empresas, produtos ou serviços ligados a meios de pagamentos.
Tem alguma dúvida? Fale com o time de R&S.

Diversidade
O Magalu promove a diversidade.
Aqui você é bem-vindx em todas as vagas independentemente de gênero, orientação sexual, raça, etnia ou deficiência."
PagBank PagSeguro,Analista de Dados Jr.,São Paulo,https://www.glassdoor.com.br/partner/jobListing.htm?pos=126&ao=1136043&s=58&guid=00000180f3687be8b6f4534955b061fc&src=GD_JOB_AD&t=SR&vt=w&uido=2E50B53C87A2AF5ED1BE321290C7D09E&cs=1_5304056d&cb=1653351152888&jobListingId=1007739699812&jrtk=3-0-1g3pmgv0ppklr801-1g3pmgv1kr0f9800-38153a89f4b0248b-,"O PagBank PagSeguro promove soluções inovadoras em serviços financeiros e meios de pagamento de forma simples e segura, atua como emissor, adquirente e oferece contas digitais, além de fornecer soluções completas para pagamentos online e presenciais. Trabalhamos em times multidisciplinares e cultivamos uma filosofia de trabalho ágil e enxuta, com as áreas de Tecnologia e de Negócios trabalhando lado a lado para criar produtos que evoluam de forma interativa para entregar valor aos nossos clientes.
Aqui, construímos novas formas de se fazer e receber pagamentos e fazemos a diferença na vida de milhões de brasileiros. Se você se identificou, confira esta oportunidade, se inscreva e #VemProPags! #GoPags!
Responsabilidades e atribuições

Realizar estudos exploratórios para insights.
Apoiar os times internos com análises específicas.
Elaborar reports para atender demandas do negócio.
Auxiliar demais analistas do time de analytics com atividades da área.

Requisitos e qualificações

Superior em Engenharia, Administração, Economia ou áreas correlatas.
Conhecimento técnico em linguagem SQL.
Experiência com análise de dados para geração de insights e entendimento do produto/negócio.
Pacote Office avançado, com foco em Excel.


Informações adicionais

Conhecimento em Python.
Experiência com produtos digitais.
Conhecimento PowerBI.
Inglês intermediário"
Visagio,Estágio - Data Science SP,São Paulo,https://www.glassdoor.com.br/partner/jobListing.htm?pos=127&ao=1136043&s=58&guid=00000180f3687be8b6f4534955b061fc&src=GD_JOB_AD&t=SR&vt=w&uido=2E50B53C87A2AF5ED1BE321290C7D09E&cs=1_0d3896c5&cb=1653351152888&jobListingId=1007560212491&jrtk=3-0-1g3pmgv0ppklr801-1g3pmgv1kr0f9800-4259c8214d176f5a-,"Destinado a universitários dos cursos de Engenharias, Administração, Economia, Estatística, Matemática, Ciência da Computação e Sistemas de Informação, com foco de atuação em projetos envolvendo Ciência de Dados (Inteligência Artificial, Machine Learning, Otimização, Simulação, entre outros). Você trabalhará com um time multidisciplinar, direcionado ao desenvolvimento de análises e à implantação de soluções baseadas em dados para geração de valor para nossos clientes.
Responsabilidades e atribuições

Identificar oportunidades de melhoria em áreas do negócio, propondo soluções baseadas em dados;
Realizar análises de dados para apoiar diagnósticos e tomadas de decisões;
Desenvolver e implantar soluções baseados em Machine Learning, Otimização, Simulação, entre outros;
Acompanhar e gerenciar projetos através de metodologias ágeis;
Desenvolvimento interpessoal através de cursos, contato direto com clientes e trabalho em equipe.

Requisitos e qualificações

Graduandos, a partir do 2º ano, dos cursos de Engenharias, Administração, Economia, Estatística, Matemática, Ciência da Computação e Sistemas de Informação;
Bom raciocínio lógico, capacidade analítica e criatividade para propor e implantar as soluções;
Visão crítica, habilidade de comunicação e apresentação, e bom relacionamento interpessoal;
Rápido aprendizado, com alta curiosidade para aprender continuamente sobre novas tecnologias, além de vontade de fazer a diferença;
Preferível experiência em atividades extracurriculares (ex: empresa júnior, PET, iniciação científica, etc).
Recomendado o conhecimento dos conceitos de Ciência de Dados, Estatística, Banco de Dados e SQL, além de domínio de linguagens de programação (Python, R ou outros).

Informações adicionais
Este processo seletivo contém as seguintes etapas:
Cadastro
Envio do Histórico Acadêmico
Teste de Lógica
Teste de Data Science
Webinar Institucional
Entrevistas
Teste Situacional"
infracommerce,Engenheiro de Dados Junior - Service Delivery,São Paulo,https://www.glassdoor.com.br/partner/jobListing.htm?pos=128&ao=1136043&s=58&guid=00000180f3687be8b6f4534955b061fc&src=GD_JOB_AD&t=SR&vt=w&uido=2E50B53C87A2AF5ED1BE321290C7D09E&cs=1_020182f5&cb=1653351152888&jobListingId=1007706216709&jrtk=3-0-1g3pmgv0ppklr801-1g3pmgv1kr0f9800-59448d1d906a9335-,"Atuação
Manipulação de grandes volumes de dados e fluxos complexos de ETL.
Uso de tecnologias de big data e processamento paralelo distribuído de grandes volumes de dados.
Participação na construção do framework da plataforma Infra.Data
Atuação em projeto e clientes em on-boarding
Atuação em projeto e clientes em sustentação
Tecnologias envolvidas
Data-Lakes

Databricks
Apache NiFi
Python
Serverless framework
Manipulação de repositórios Git"
EY,Consultor(a) Júnior Data & Analytics (com foco em Audit Data Services),São Paulo,https://www.glassdoor.com.br/partner/jobListing.htm?pos=129&ao=1136043&s=58&guid=00000180f3687be8b6f4534955b061fc&src=GD_JOB_AD&t=SR&vt=w&uido=2E50B53C87A2AF5ED1BE321290C7D09E&cs=1_b871598c&cb=1653351152888&jobListingId=1007864246163&jrtk=3-0-1g3pmgv0ppklr801-1g3pmgv1kr0f9800-10bd2b834bd62607-,"Na EY, você terá a chance de construir uma carreira tão única quanto você, com alcance global, cultura inclusiva e tecnologia para se tornar a melhor versão de você. E nós contamos com sua voz e perspectivas únicas para ajudar a EY a se tornar ainda melhor. Junte-se a nós e construa uma experiência excepcional para você e um mundo de negócios melhor para todos.
Na área de Consulting, ajudamos organizações a se manter relevantes - agora e no futuro. Por meio dos nossos serviços de consultoria em business, tecnologia, pessoas e inovação, você poderá construir um mundo de negócios melhor apoiando clientes na transformação de seus negócios e na geração de valor de longo prazo. Para saber mais, acesse: https://www.ey.com/pt_br/consulting
A oportunidade:
Como Consultor(a) de DDA (Digital Data & Analytics) na torre de ADS (Audit Data Services) o profissional participará da estruturação e entrega de soluções baseadas em Dados, direcionadas aos times de auditoria externa e interna, riscos e controles internos de nossos clientes de diversas industrias tais como Telecom, Finanças, Airlines, Varejo, Setor Elétrico, entre outros. Em troca, você pode esperar aprendizado e desenvolvimento, ajustados aos seus interesses e motivações. Você poderá contar com ferramentas, conhecimentos e oportunidades para avançar e estar pronto/a para construir um mundo de negócios melhor para nossas pessoas, nossos clientes e as comunidades que nos apoiam.
Suas principais responsabilidades:
Desenvolvimento de automações de procedimentos das áreas de auditoria interna e externa, controles internos e riscos, através da utilização de ferramentas de análises de dados, tal como Alteryx;
Construção de dashboards interativos e estruturação de respectivos insumos;
Mapeamento dos processos a serem automatizados, a fim de identificar as regras de negócio e possibilidade de redesenho;
Análise crítica de processos e procedimentos, avaliando aderência quanto a conformidade;
Realização de reuniões com equipes interna e externa.
Habilidades e atributos para ter sucesso:
Perfil consultivo, sempre buscando novos aprendizados, treinamentos, capacitações, certificações, entre outros;
Autogestão proativa de suas responsabilidades e tarefas como consultor/a, buscando alinhamentos constantes com seus líderes;
Dinamismo e proatividade para trabalhar em um ambiente diverso, com perfis e pessoas de diferentes skills e níveis;
Foco em resolução de problemas, sempre buscando agregar mais valor para o cliente e o projeto;
Senso de dono das suas atividades, responsabilidades e do projeto em que está atuando, a fim de compartilhar responsabilidades e desafios com sua equipe.
Para esta posição, você deve ter:
Formação superior em Ciência da Computação, Engenharia da Computação, Sistemas de Informação, Análise e Desenvolvimento de Sistemas ou cursos correlatos;
Conhecimento em ferramentas de análise e manipulação de dados, tais como: Alteryx, ACL, SQL, entre outras;
Conhecimento em ferramentas de visualização de dados, tais como: Power BI, Tableau, entre outras;
Inglês intermediário;
Excelente habilidade de comunicação verbal e escrita;
Proatividade, forte adaptabilidade e perfil colaborativo são características obrigatórias.
Também é desejável:
Conhecimento em Python;
Conhecimento em ferramentas de RPA, tais como: Blueprism, UiPath, Automation Anywhere;
Conhecimento em metodologia ágil.
O que procuramos:
Pessoas talentosas e que consigam enxergar os desafios mais difíceis de nossos clientes de todas as perspectivas. Por isso, buscamos pessoas curiosas, apaixonadas pelo que fazem e com uma variedade de habilidades.
O que nós oferecemos:
Oferecemos um pacote de remuneração e benefícios competitivo no segmento, através do qual você será recompensado/a com base no seu desempenho. Além disso, oferecemos:
Desenvolvimento profissional com base em um extenso programa de treinamentos, coordenado pela EY University (EYU), eleita como uma das melhores universidades corporativas;
Programa EY Badges - programa único e inovador de desenvolvimento, aprendizagem e reconhecimento, preparando profissionais de forma teórica e prática nas competências mais relevantes da atualidade;
Ambiente de trabalho que oferece a flexibilidade necessária para o cumprimento dos objetivos profissionais e pessoais, incentivando uma cultura de trabalho focada em resultados.
Quer se sentir desafiado/a, motivado/a e valorizado/a todos os dias? Inspirar mudanças e deixar um legado? Faça parte do time da EY e ajude-nos na construção de um mundo de negócios melhor!
Sobre a EY:
Como líder global em serviços de Auditoria, Consultoria, Impostos, Estratégia e Transações, contratamos e desenvolvemos as pessoas mais apaixonadas em seu campo de atuação para ajudar a construir um mundo de trabalho melhor. Isso começa com uma cultura que acredita que oferecer treinamentos, oportunidades e liberdade criativa pode fazer com que cada profissional atinja o seu melhor. Assim, não importa quanto tempo permaneça, a experiência excepcional da EY dura a vida toda.
A EY acredita na igualdade de oportunidades. Independentemente de gênero, idade, raça, cor, credo, orientação sexual e deficiência, todos os candidatos qualificados serão considerados em nossos processos."
Informaker,Analista de CX (Customer Experience) Júnior/Pleno,Barueri,https://www.glassdoor.com.br/partner/jobListing.htm?pos=130&ao=1136043&s=58&guid=00000180f3687be8b6f4534955b061fc&src=GD_JOB_AD&t=SR&vt=w&uido=2E50B53C87A2AF5ED1BE321290C7D09E&ea=1&cs=1_2adaa795&cb=1653351152889&jobListingId=1007877082233&jrtk=3-0-1g3pmgv0ppklr801-1g3pmgv1kr0f9800-c75eb98778aca01b-,"Desenvolvimento e implementação de iniciativas para melhorar constantemente a satisfação e fidelidade do cliente em toda a sua jornadaAnálise de dados, processos relacionados ao atendimento e a experiência do clienteDiagnósticos de situação atual e recomendações de melhoriasMonitoramento e relatórios com métricas de CX e relacionamento com os indicadores operacionais e financeiros da empresaPesquisas, análises mercadológicas e implementação de metodologias e frameworks voltadas à CXAnalista de dados que tenha paixão em buscar o mais alto nível de satisfação de clientes com o uso da análise de dadosExperiência em consultorias ou em serviços relacionado à experiência do cliente e/ ou atendimento ao cliente. Senso de fidelidade e foco na experiência do clientePerfil analítico e conhecimento de abordagens para avaliação de dados, processos e soluções de problemasGraduação completa ou em andamento em Engenharia, Administração, Marketing, Ciência de Dados, TI, e cursos correlatos.Noções em estruturação de Banco de Dados / Business InteligenceConhecimento em pacote Office e Office 365 (Excel, SharePoint, PowerPoint)Boa comunicação oral e escritaDiferenciais para contratação:Noções em Power Platform (PowerApps, Power Automate, Power BI)Noções de Inglês e EspanholExperiência em:o Métricas de CX§ NPS, CSAT, CESo Plataformas e módulos de CX: Track.co, SAP, Saleforce, SeviceNow§ Linguagem de Programação voltada à banco de dados (p.e. Python, R)Tipo de vaga: Tempo integralSalário: R$2.000,00 - R$3.000,00 por mêsBenefícios:Assistência médicaAssistência odontológicaVale-refeiçãoVale-transporteHorário de trabalho:Turno de 8 horasPergunta(s) de seleção:Local de trabalho é inicialmente em Home Office, podendo ser alterado a qualquer momento para Hibrido ou presencial em Barueri, quanto tempo de transporte da sua residência para ir? E para voltar?Tem conhecimento com plataformas e módulos de CX: Track.co, SAP, Saleforce, SeviceNow? E Linguagens de programação voltada à banco de dados (p.e. Python, R)?Onde cursou/está cursando Superior em Engenharia, Administração, Marketing, Ciência de Dados, TI ou cursos correlatos?Se for outro, por favor informar o curso.Qual é a sua autoavaliação para suas qualificações de Organização, Proatividade, Comunicativo, Resiliência? Como classifica a busca do mais alto nível de satisfação de clientes com o uso da análise de dados que você almeja?Tem experiencia com métricas de CX, NPS CAT , CES ?"
